PERIOD_DS,REGION,TRAFFIC_SOURCE,LANDING_PAGE,USERSHIP,TRACK_ON_SALE,AOV,BUY2PI_RATE,BUY2SESSION_RATE,COMMISSION_RATE,ORDER_COUNT,PI2SESSION_RATE,SESSION_COUNT
2022-01-01,AU,CSS,feed,web only,nan,,,0.0,,,0.0,1.0
2022-01-01,AU,CSS,lead,app and web,nan,,0.0,0.0,,0.0,100.0,51.0
2022-01-01,AU,CSS,lead,no on lyst view,nan,208.329534883721,0.727021,0.722394,16.260463911714,43.0,99.363605,5814.0
2022-01-01,AU,CSS,lead,web only,nan,272.869230769231,0.751011,0.749712,14.438868998957,13.0,99.82699,1734.0
2022-01-01,AU,CSS,nan,web only,nan,,,0.0,,,0.0,1.0
2022-01-01,AU,CSS,others,web only,nan,,0.0,0.0,,0.0,20.0,5.0
2022-01-01,AU,CSS,pdp_in_stock,web only,nan,,0.0,0.0,,0.0,7.692308,26.0
2022-01-01,AU,CSS,pdp_out_of_stock,web only,nan,,0.0,0.0,,0.0,9.090909,11.0
2022-01-01,AU,DIRECT,feed,app and web,nan,394.17,2.564103,0.471698,13.097140827562,2.0,18.396226,424.0
2022-01-01,AU,DIRECT,feed,app only,nan,,0.0,0.0,,0.0,5.714286,35.0
2022-01-01,AU,DIRECT,feed,web only,nan,167.566666666667,1.333333,0.140812,15.978714939328,6.0,10.560901,4261.0
2022-01-01,AU,DIRECT,homepage,app and web,nan,253.2,4.255319,1.246106,13.313586097946,4.0,29.283489,321.0
2022-01-01,AU,DIRECT,homepage,web only,nan,803.416,4.361371,0.7431,10.739060876723,15.0,17.038217,1884.0
2022-01-01,AU,DIRECT,lead,app and web,nan,141.365,0.900901,0.02448,12.103420224242,2.0,2.717258,8170.0
2022-01-01,AU,DIRECT,lead,app only,nan,,,0.0,,,0.0,1510.0
2022-01-01,AU,DIRECT,lead,no on lyst view,nan,,0.0,0.0,,0.0,85.386029,1088.0
2022-01-01,AU,DIRECT,lead,web only,nan,368.29,1.315789,0.3367,10.000271525157,1.0,25.589226,297.0
2022-01-01,AU,DIRECT,lead_return,app and web,nan,242.72,9.090909,2.173913,10.629531970995,1.0,23.913043,46.0
2022-01-01,AU,DIRECT,lead_return,no on lyst view,nan,,,0.0,,,0.0,5.0
2022-01-01,AU,DIRECT,lead_return,web only,nan,250.753333333333,8.571429,3.409091,14.18924308085,3.0,39.772727,88.0
2022-01-01,AU,DIRECT,nan,app and web,True,,0.0,0.0,,0.0,100.0,3.0
2022-01-01,AU,DIRECT,nan,app and web,nan,,0.0,0.0,,0.0,23.94822,309.0
2022-01-01,AU,DIRECT,nan,app only,nan,124.03,4.166667,0.249377,18.003708780134,1.0,5.985037,401.0
2022-01-01,AU,DIRECT,nan,web only,nan,,0.0,0.0,,0.0,34.285714,35.0
2022-01-01,AU,DIRECT,onboarding,app and web,nan,196.145,3.0,0.3125,13.859644650641,4.0,10.416667,960.0
2022-01-01,AU,DIRECT,onboarding,app only,nan,79.61,1.886792,0.053908,14.998115814596,1.0,2.857143,1855.0
2022-01-01,AU,DIRECT,others,app and web,nan,330.699453781513,3.772314,0.659405,14.763398739646,238.0,17.48013,33970.0
2022-01-01,AU,DIRECT,others,app only,nan,176.696666666667,2.425876,0.157701,12.674262861024,18.0,6.500789,11414.0
2022-01-01,AU,DIRECT,others,web only,nan,139.38,1.176471,0.080257,18.976897689769,1.0,6.82183,1246.0
2022-01-01,AU,DIRECT,pdp_in_stock,app and web,nan,478.415,8.333333,0.643087,23.394960442294,2.0,7.717042,311.0
2022-01-01,AU,DIRECT,pdp_in_stock,web only,nan,142.567777777778,3.381643,0.132979,17.904934105416,9.0,3.932371,5264.0
2022-01-01,AU,DIRECT,pdp_out_of_stock,web only,nan,26.455,0.293686,0.01866,11.264411264411,2.0,6.353797,10718.0
2022-01-01,AU,ORGANIC,feed,app and web,nan,558.566153846154,2.407407,0.288953,13.678429385129,13.0,12.002667,4499.0
2022-01-01,AU,ORGANIC,feed,app only,nan,203.185,6.25,0.787402,12.734699904028,2.0,12.598425,127.0
2022-01-01,AU,ORGANIC,feed,web only,nan,318.102226277372,1.709136,0.209742,17.151971414414,274.0,12.271787,104891.0
2022-01-01,AU,ORGANIC,homepage,app and web,nan,,0.0,0.0,,0.0,15.454545,220.0
2022-01-01,AU,ORGANIC,homepage,web only,nan,222.85,1.595745,0.291545,21.389948395782,4.0,18.270165,1029.0
2022-01-01,AU,ORGANIC,lead,app and web,nan,360.936666666667,0.631622,0.602527,20.486176119205,33.0,95.393586,5145.0
2022-01-01,AU,ORGANIC,lead,app only,nan,,0.0,0.0,,0.0,97.902098,143.0
2022-01-01,AU,ORGANIC,lead,no on lyst view,nan,,0.0,0.0,,0.0,89.361702,47.0
2022-01-01,AU,ORGANIC,lead,web only,nan,194.152131147541,1.459391,1.427685,15.81926628434,61.0,97.827436,3222.0
2022-01-01,AU,ORGANIC,lead_return,app and web,nan,79.75,3.846154,0.632911,25.003134796238,1.0,16.455696,158.0
2022-01-01,AU,ORGANIC,lead_return,no on lyst view,nan,,0.0,0.0,,0.0,11.111111,9.0
2022-01-01,AU,ORGANIC,lead_return,web only,nan,,0.0,0.0,,0.0,26.501767,283.0
2022-01-01,AU,ORGANIC,nan,app and web,False,71.76,1.612903,1.612903,10.344667409885,3.0,100.0,186.0
2022-01-01,AU,ORGANIC,nan,app and web,True,120.09,0.40568,0.40568,20.984261803647,2.0,100.0,493.0
2022-01-01,AU,ORGANIC,nan,app and web,nan,213.861176470588,2.591093,0.648298,12.337717705823,34.0,25.020259,4936.0
2022-01-01,AU,ORGANIC,nan,app only,True,48.55,3.225806,3.225806,25.005149330587,1.0,100.0,31.0
2022-01-01,AU,ORGANIC,nan,app only,nan,163.713,2.093023,0.141532,11.153665255661,10.0,6.76207,6359.0
2022-01-01,AU,ORGANIC,nan,no on lyst view,False,,0.0,0.0,,0.0,100.0,30.0
2022-01-01,AU,ORGANIC,nan,no on lyst view,True,,0.0,0.0,,0.0,100.0,54.0
2022-01-01,AU,ORGANIC,nan,no on lyst view,nan,113.937,2.0,1.428571,13.497810193352,10.0,71.428571,700.0
2022-01-01,AU,ORGANIC,nan,web only,False,127.073333333333,1.538462,1.538462,12.4836052673,3.0,100.0,130.0
2022-01-01,AU,ORGANIC,nan,web only,True,154.5125,1.030928,1.030928,13.07499393253,4.0,100.0,388.0
2022-01-01,AU,ORGANIC,nan,web only,nan,249.66,2.002503,0.805504,14.367685506835,55.0,40.22487,5959.0
2022-01-01,AU,ORGANIC,onboarding,app and web,nan,240.068571428571,4.487179,1.02489,15.252189850519,7.0,22.84041,683.0
2022-01-01,AU,ORGANIC,onboarding,app only,nan,104.54,1.694915,0.119474,9.996173713411,1.0,7.048984,837.0
2022-01-01,AU,ORGANIC,others,app and web,nan,258.888490566038,3.657999,0.571862,14.522935131247,106.0,15.633182,14514.0
2022-01-01,AU,ORGANIC,others,app only,nan,410.216,3.067485,0.163345,14.62790334848,5.0,5.325057,3061.0
2022-01-01,AU,ORGANIC,others,web only,nan,545.782222222222,1.601831,0.04071,11.122466429426,9.0,2.541436,17195.0
2022-01-01,AU,ORGANIC,pdp_in_stock,app and web,nan,333.936666666667,2.189781,0.494234,7.506413391761,3.0,22.570016,607.0
2022-01-01,AU,ORGANIC,pdp_in_stock,web only,nan,258.355973154362,3.679297,0.947465,14.725533471325,149.0,25.751255,14143.0
2022-01-01,AU,ORGANIC,pdp_out_of_stock,app and web,nan,432.028,1.108647,0.552486,14.354162230226,5.0,49.834254,905.0
2022-01-01,AU,ORGANIC,pdp_out_of_stock,web only,nan,256.784790697674,0.859612,0.372601,13.937107410368,215.0,43.345303,51798.0
2022-01-01,AU,PAID,feed,app and web,nan,220.222222222222,4.918033,0.767263,17.770433905146,9.0,15.601023,1173.0
2022-01-01,AU,PAID,feed,app only,nan,,,0.0,,,0.0,2.0
2022-01-01,AU,PAID,feed,web only,nan,269.309153846154,1.55642,0.296321,16.637641783721,130.0,19.038604,36447.0
2022-01-01,AU,PAID,homepage,app and web,nan,117.23,6.666667,1.025641,20.229463447923,2.0,15.384615,195.0
2022-01-01,AU,PAID,homepage,web only,nan,442.939,2.848101,0.637845,15.561059197768,10.0,22.395464,1411.0
2022-01-01,AU,PAID,lead,app and web,nan,,0.0,0.0,,0.0,10.358566,251.0
2022-01-01,AU,PAID,lead,no on lyst view,nan,,0.0,0.0,,0.0,80.0,5.0
2022-01-01,AU,PAID,lead,web only,nan,,0.0,0.0,,0.0,89.473684,19.0
2022-01-01,AU,PAID,lead_return,app and web,nan,,,0.0,,,0.0,1.0
2022-01-01,AU,PAID,nan,app and web,nan,361.038181818182,7.438017,2.295918,12.701250434353,11.0,30.867347,392.0
2022-01-01,AU,PAID,nan,app only,nan,21.43,50.0,1.369863,12.50583294447,1.0,2.739726,73.0
2022-01-01,AU,PAID,nan,web only,nan,,0.0,0.0,,0.0,28.571429,7.0
2022-01-01,AU,PAID,onboarding,app only,nan,,,0.0,,,0.0,17.0
2022-01-01,AU,PAID,others,app and web,nan,85.325,2.197802,0.362976,15.792557866979,2.0,16.515426,551.0
2022-01-01,AU,PAID,others,app only,nan,,0.0,0.0,,0.0,3.508772,114.0
2022-01-01,AU,PAID,others,web only,nan,508.66,0.664207,0.121033,10.583690480871,10.0,18.222162,7436.0
2022-01-01,AU,PAID,pdp_in_stock,app and web,nan,,0.0,0.0,,0.0,22.222222,18.0
2022-01-01,AU,PAID,pdp_in_stock,web only,nan,116.62,1.075269,0.206186,19.996570056594,1.0,19.175258,485.0
2022-01-01,AU,PAID,pdp_out_of_stock,web only,nan,51.875,1.219512,0.234192,12.506024096386,4.0,19.203747,427.0
2022-01-01,AU,PLA-CO,feed,web only,nan,,,0.0,,,0.0,14.0
2022-01-01,AU,PLA-CO,pdp_in_stock,web only,nan,,0.0,0.0,,0.0,2.259887,177.0
2022-01-01,AU,PLA-CO,pdp_out_of_stock,web only,nan,,0.0,0.0,,0.0,1.176471,85.0
2022-01-01,AU,PLA-EC,feed,web only,nan,,,0.0,,,0.0,4.0
2022-01-01,AU,PLA-EC,lead,app only,nan,,,0.0,,,0.0,1.0
2022-01-01,AU,PLA-EC,others,app and web,nan,,0.0,0.0,,0.0,31.818182,44.0
2022-01-01,AU,PLA-EC,others,app only,nan,,,0.0,,,0.0,9.0
2022-01-01,AU,PLA-EC,pdp_in_stock,app and web,nan,,0.0,0.0,,0.0,62.068966,29.0
2022-01-01,AU,PLA-EC,pdp_in_stock,web only,nan,407.116666666667,3.846154,0.472441,17.211282597126,3.0,12.283465,635.0
2022-01-01,AU,PLA-EC,pdp_out_of_stock,web only,nan,,0.0,0.0,,0.0,9.649123,456.0
2022-01-01,CA,CSS,lead,app and web,nan,268.723333333333,5.084746,5.084746,21.58353697111,3.0,100.0,59.0
2022-01-01,CA,CSS,lead,no on lyst view,nan,263.054480519481,1.332593,1.312791,17.265447209963,154.0,98.513994,10969.0
2022-01-01,CA,CSS,lead,web only,nan,293.128775510204,1.698591,1.691865,13.460058997543,49.0,99.604032,2778.0
2022-01-01,CA,CSS,nan,no on lyst view,nan,,0.0,0.0,,0.0,100.0,5.0
2022-01-01,CA,CSS,others,web only,nan,,0.0,0.0,,0.0,10.0,20.0
2022-01-01,CA,CSS,pdp_in_stock,web only,nan,,0.0,0.0,,0.0,8.219178,73.0
2022-01-01,CA,CSS,pdp_out_of_stock,web only,nan,,,0.0,,,0.0,6.0
2022-01-01,CA,DIRECT,feed,app and web,nan,43.13,1.428571,0.248756,11.998608856944,2.0,17.412935,402.0
2022-01-01,CA,DIRECT,feed,app only,nan,,0.0,0.0,,0.0,8.888889,45.0
2022-01-01,CA,DIRECT,feed,web only,nan,136.705714285714,1.054217,0.143501,15.877693481305,7.0,13.612136,4878.0
2022-01-01,CA,DIRECT,homepage,app and web,nan,356.475,6.015038,2.067183,17.637983028263,8.0,34.366925,387.0
2022-01-01,CA,DIRECT,homepage,web only,nan,470.95,1.795332,0.299581,13.325406094065,10.0,16.686639,3338.0
2022-01-01,CA,DIRECT,lead,app and web,nan,116.45,0.746269,0.020204,24.186346071275,2.0,2.707344,9899.0
2022-01-01,CA,DIRECT,lead,app only,nan,,0.0,0.0,,0.0,0.087336,2290.0
2022-01-01,CA,DIRECT,lead,no on lyst view,nan,,0.0,0.0,,0.0,62.471396,437.0
2022-01-01,CA,DIRECT,lead,web only,nan,89.0,1.515152,0.308642,12.505617977528,1.0,20.37037,324.0
2022-01-01,CA,DIRECT,lead_return,app and web,nan,,0.0,0.0,,0.0,9.836066,61.0
2022-01-01,CA,DIRECT,lead_return,app only,nan,,,0.0,,,0.0,1.0
2022-01-01,CA,DIRECT,lead_return,no on lyst view,nan,,,0.0,,,0.0,4.0
2022-01-01,CA,DIRECT,lead_return,web only,nan,,0.0,0.0,,0.0,44.444444,180.0
2022-01-01,CA,DIRECT,nan,app and web,False,,0.0,0.0,,0.0,100.0,2.0
2022-01-01,CA,DIRECT,nan,app and web,True,,0.0,0.0,,0.0,100.0,3.0
2022-01-01,CA,DIRECT,nan,app and web,nan,150.885,5.479452,1.146132,12.812738178083,4.0,20.916905,349.0
2022-01-01,CA,DIRECT,nan,app only,nan,,0.0,0.0,,0.0,7.0,500.0
2022-01-01,CA,DIRECT,nan,web only,nan,,0.0,0.0,,0.0,35.294118,17.0
2022-01-01,CA,DIRECT,onboarding,app and web,nan,234.488333333333,4.83871,0.627615,13.038317471374,6.0,12.970711,956.0
2022-01-01,CA,DIRECT,onboarding,app only,nan,,0.0,0.0,,0.0,4.487482,2117.0
2022-01-01,CA,DIRECT,others,app and web,nan,312.713743842365,2.909418,0.536504,16.03228940237,203.0,18.440265,36160.0
2022-01-01,CA,DIRECT,others,app only,nan,100.316666666667,1.783944,0.129926,17.909951819239,21.0,7.283095,13854.0
2022-01-01,CA,DIRECT,others,web only,nan,,0.0,0.0,,0.0,7.032181,1678.0
2022-01-01,CA,DIRECT,pdp_in_stock,app and web,nan,50.37,3.846154,0.229885,10.005955926147,1.0,5.977011,435.0
2022-01-01,CA,DIRECT,pdp_in_stock,web only,nan,161.07,3.141361,0.251783,17.144719687093,6.0,8.015107,2383.0
2022-01-01,CA,DIRECT,pdp_out_of_stock,web only,nan,153.018888888889,1.156812,0.085755,10.740141013818,9.0,7.413054,10495.0
2022-01-01,CA,ORGANIC,feed,app and web,nan,225.8725,2.504817,0.291872,12.351547886529,16.0,11.652447,4454.0
2022-01-01,CA,ORGANIC,feed,app only,nan,,0.0,0.0,,0.0,1.960784,153.0
2022-01-01,CA,ORGANIC,feed,web only,nan,273.735132450331,1.632013,0.212671,15.448696539326,302.0,13.031204,132129.0
2022-01-01,CA,ORGANIC,homepage,app and web,nan,710.0,2.272727,0.401606,12.0,1.0,17.670683,249.0
2022-01-01,CA,ORGANIC,homepage,web only,nan,246.4125,2.675585,0.611621,15.048952467915,8.0,22.859327,1308.0
2022-01-01,CA,ORGANIC,lead,app and web,nan,513.076097560976,0.754794,0.724496,20.670969741568,41.0,95.985902,5107.0
2022-01-01,CA,ORGANIC,lead,app only,nan,403.64,0.534759,0.515464,9.999009017937,1.0,96.391753,194.0
2022-01-01,CA,ORGANIC,lead,no on lyst view,nan,,0.0,0.0,,0.0,95.652174,46.0
2022-01-01,CA,ORGANIC,lead,web only,nan,332.079090909091,0.807404,0.803292,19.002181846055,44.0,99.490596,5104.0
2022-01-01,CA,ORGANIC,lead_return,app and web,nan,,0.0,0.0,,0.0,17.258883,197.0
2022-01-01,CA,ORGANIC,lead_return,no on lyst view,nan,,0.0,0.0,,0.0,16.666667,6.0
2022-01-01,CA,ORGANIC,lead_return,web only,nan,59.45,0.943396,0.274725,12.497897392767,1.0,29.120879,364.0
2022-01-01,CA,ORGANIC,nan,app and web,False,,0.0,0.0,,0.0,100.0,130.0
2022-01-01,CA,ORGANIC,nan,app and web,True,220.845,0.8,0.8,18.3341257443,2.0,100.0,250.0
2022-01-01,CA,ORGANIC,nan,app and web,nan,368.076666666667,2.399314,0.610022,14.92515146301,30.0,25.424837,4590.0
2022-01-01,CA,ORGANIC,nan,app only,False,125.39,5.263158,5.263158,10.000797511763,1.0,100.0,19.0
2022-01-01,CA,ORGANIC,nan,app only,True,,0.0,0.0,,0.0,100.0,17.0
2022-01-01,CA,ORGANIC,nan,app only,nan,136.19,1.754386,0.145655,17.100441228498,11.0,8.302314,6179.0
2022-01-01,CA,ORGANIC,nan,no on lyst view,False,,0.0,0.0,,0.0,100.0,17.0
2022-01-01,CA,ORGANIC,nan,no on lyst view,nan,194.47,1.550388,1.015228,10.378207435594,4.0,65.482234,394.0
2022-01-01,CA,ORGANIC,nan,web only,False,20.94,0.78125,0.78125,2.005730659026,1.0,100.0,128.0
2022-01-01,CA,ORGANIC,nan,web only,True,203.016666666667,1.023891,1.023891,10.000820950661,3.0,100.0,293.0
2022-01-01,CA,ORGANIC,nan,web only,nan,678.21,1.454775,0.554885,13.756432373454,24.0,38.14234,4145.0
2022-01-01,CA,ORGANIC,onboarding,app and web,nan,240.2985,4.92228,1.511535,19.173236620287,20.0,30.708035,1257.0
2022-01-01,CA,ORGANIC,onboarding,app only,nan,83.83,0.865801,0.072886,13.378265537397,2.0,8.418367,2744.0
2022-01-01,CA,ORGANIC,others,app and web,nan,420.076754385965,4.05303,0.729131,15.971579963979,114.0,17.989779,14675.0
2022-01-01,CA,ORGANIC,others,app only,nan,50.126666666667,1.401869,0.08394,17.26958372124,3.0,5.987689,3574.0
2022-01-01,CA,ORGANIC,others,web only,nan,180.375833333333,1.731602,0.050835,13.966209442322,12.0,2.935694,23606.0
2022-01-01,CA,ORGANIC,pdp_in_stock,app and web,nan,501.32625,4.477612,0.991736,16.46482704626,8.0,22.14876,605.0
2022-01-01,CA,ORGANIC,pdp_in_stock,web only,nan,266.04875,3.951286,0.90734,13.460009678677,160.0,22.963147,16091.0
2022-01-01,CA,ORGANIC,pdp_out_of_stock,app and web,nan,321.446470588235,2.075472,1.061776,13.498542434108,17.0,51.158301,1036.0
2022-01-01,CA,ORGANIC,pdp_out_of_stock,web only,nan,335.978714285714,1.011478,0.427139,11.208652248803,350.0,42.229155,74683.0
2022-01-01,CA,PAID,feed,app and web,nan,113.03,0.403226,0.058997,15.004865964788,1.0,14.631268,1695.0
2022-01-01,CA,PAID,feed,app only,nan,,,0.0,,,0.0,2.0
2022-01-01,CA,PAID,feed,web only,nan,219.561310635802,1.34103,0.258124,16.445798031158,162.0,19.248192,58499.0
2022-01-01,CA,PAID,homepage,app and web,nan,325.733333333333,4.545455,1.293103,14.094351207532,3.0,28.448276,232.0
2022-01-01,CA,PAID,homepage,web only,nan,376.318,1.972387,0.397456,14.338139552187,10.0,20.151033,2516.0
2022-01-01,CA,PAID,lead,app and web,nan,,0.0,0.0,,0.0,17.434211,304.0
2022-01-01,CA,PAID,lead,app only,nan,,0.0,0.0,,0.0,3.225806,31.0
2022-01-01,CA,PAID,lead,no on lyst view,nan,,0.0,0.0,,0.0,83.333333,12.0
2022-01-01,CA,PAID,lead,web only,nan,,0.0,0.0,,0.0,95.973154,149.0
2022-01-01,CA,PAID,nan,app and web,nan,454.42,1.595745,0.540541,15.081495826181,3.0,33.873874,555.0
2022-01-01,CA,PAID,nan,app only,nan,,0.0,0.0,,0.0,9.375,96.0
2022-01-01,CA,PAID,nan,web only,nan,,0.0,0.0,,0.0,9.0,100.0
2022-01-01,CA,PAID,onboarding,app and web,nan,207.661428571429,6.730769,2.356902,12.084230512579,7.0,35.016835,297.0
2022-01-01,CA,PAID,onboarding,app only,nan,,0.0,0.0,,0.0,8.62069,58.0
2022-01-01,CA,PAID,others,app and web,nan,255.478,4.117647,0.918635,18.010944190889,10.0,22.309711,762.0
2022-01-01,CA,PAID,others,app only,nan,,0.0,0.0,,0.0,6.153846,130.0
2022-01-01,CA,PAID,others,web only,nan,368.4904,1.133436,0.208294,18.58338778975,25.0,18.377201,10562.0
2022-01-01,CA,PAID,pdp_in_stock,app and web,nan,384.38,2.083333,0.821918,19.270860433252,3.0,39.452055,365.0
2022-01-01,CA,PAID,pdp_in_stock,web only,nan,270.78,0.760834,0.184887,15.909286751853,24.0,24.300643,12440.0
2022-01-01,CA,PAID,pdp_out_of_stock,app and web,nan,,0.0,0.0,,0.0,35.714286,14.0
2022-01-01,CA,PAID,pdp_out_of_stock,web only,nan,111.58,1.234568,0.466563,14.874230746251,3.0,37.791602,643.0
2022-01-01,CA,PLA-CO,feed,web only,nan,,0.0,0.0,,0.0,10.0,20.0
2022-01-01,CA,PLA-CO,onboarding,app only,nan,,,0.0,,,0.0,1.0
2022-01-01,CA,PLA-CO,others,app and web,nan,239.23,14.285714,2.12766,24.00200643732,1.0,14.893617,47.0
2022-01-01,CA,PLA-CO,others,web only,nan,,0.0,0.0,,0.0,16.666667,6.0
2022-01-01,CA,PLA-CO,pdp_in_stock,web only,nan,98.0,2.631579,0.344828,15.0,1.0,13.103448,290.0
2022-01-01,CA,PLA-CO,pdp_out_of_stock,web only,nan,,,0.0,,,0.0,8.0
2022-01-01,CA,PLA-EC,lead,app and web,nan,,0.0,0.0,,0.0,5.0,20.0
2022-01-01,CA,PLA-EC,others,app and web,nan,877.11,3.571429,0.704225,14.000524449613,1.0,19.71831,142.0
2022-01-01,CA,PLA-EC,others,app only,nan,,0.0,0.0,,0.0,6.666667,45.0
2022-01-01,CA,PLA-EC,others,web only,nan,,0.0,0.0,,0.0,20.0,5.0
2022-01-01,CA,PLA-EC,pdp_in_stock,app and web,nan,,0.0,0.0,,0.0,45.0,60.0
2022-01-01,CA,PLA-EC,pdp_in_stock,web only,nan,138.0575,1.687764,0.361664,16.190717635768,4.0,21.428571,1106.0
2022-01-01,CA,PLA-EC,pdp_out_of_stock,web only,nan,,0.0,0.0,,0.0,39.423077,208.0
2022-01-01,EU,APP PAID,nan,app only,nan,,0.0,0.0,,0.0,3.926702,382.0
2022-01-01,EU,CSS,feed,web only,nan,,0.0,0.0,,0.0,3.386005,443.0
2022-01-01,EU,CSS,homepage,web only,nan,,0.0,0.0,,0.0,13.924051,553.0
2022-01-01,EU,CSS,lead,app and web,nan,205.05031496063,1.686341,1.683029,15.436003992106,127.0,99.803647,7130.0
2022-01-01,EU,CSS,lead,app only,nan,172.594,1.459854,1.459854,15.287321691368,10.0,100.0,685.0
2022-01-01,EU,CSS,lead,no on lyst view,nan,149.109967064924,1.385027,1.382422,14.7068915556,28541.0,99.811975,1923146.0
2022-01-01,EU,CSS,lead,web only,nan,222.224095010327,1.500625,1.497057,16.120697602231,9199.0,99.762271,537588.0
2022-01-01,EU,CSS,nan,no on lyst view,nan,72.6875,0.977199,0.977199,11.704213241617,4.0,100.0,307.0
2022-01-01,EU,CSS,nan,web only,nan,66.31,1.694915,1.550388,13.653043784246,3.0,91.472868,129.0
2022-01-01,EU,CSS,onboarding,app and web,nan,,0.0,0.0,,0.0,22.222222,9.0
2022-01-01,EU,CSS,others,app and web,nan,867.11,5.555556,1.111111,19.999769348756,1.0,20.0,90.0
2022-01-01,EU,CSS,others,app only,nan,,0.0,0.0,,0.0,9.52381,21.0
2022-01-01,EU,CSS,others,web only,nan,680.81625,0.990099,0.111607,10.140034113463,8.0,11.272321,2688.0
2022-01-01,EU,CSS,pdp_in_stock,app and web,nan,,0.0,0.0,,0.0,25.0,32.0
2022-01-01,EU,CSS,pdp_in_stock,web only,nan,240.711379310345,4.677419,0.401384,14.189406973296,29.0,8.581315,7225.0
2022-01-01,EU,CSS,pdp_out_of_stock,app and web,nan,,0.0,0.0,,0.0,50.0,2.0
2022-01-01,EU,CSS,pdp_out_of_stock,web only,nan,80.51,3.896104,0.590551,13.976524655322,4.0,15.15748,508.0
2022-01-01,EU,DIRECT,feed,app and web,nan,260.267272727273,5.045872,1.077375,15.014984596254,11.0,21.351616,1021.0
2022-01-01,EU,DIRECT,feed,app only,nan,46.1675,20.0,1.149425,13.532246710348,4.0,5.747126,174.0
2022-01-01,EU,DIRECT,feed,web only,nan,254.865853658537,1.68158,0.298597,14.807917444216,123.0,17.756958,36504.0
2022-01-01,EU,DIRECT,homepage,app and web,nan,275.351333333333,3.381643,0.924092,13.285814244589,15.0,27.326733,1515.0
2022-01-01,EU,DIRECT,homepage,web only,nan,359.901897810219,3.159104,0.429872,13.184067191059,137.0,13.607409,25589.0
2022-01-01,EU,DIRECT,lead,app and web,nan,291.7475,2.550336,0.073535,14.749569405051,20.0,2.88335,25838.0
2022-01-01,EU,DIRECT,lead,app only,nan,,0.0,0.0,,0.0,0.190888,7858.0
2022-01-01,EU,DIRECT,lead,no on lyst view,nan,227.39,0.321802,0.216567,15.721887506047,4.0,67.298322,1847.0
2022-01-01,EU,DIRECT,lead,web only,nan,93.442,0.648508,0.293255,14.419639990582,5.0,45.219941,1705.0
2022-01-01,EU,DIRECT,lead_return,app and web,nan,,0.0,0.0,,0.0,25.85034,147.0
2022-01-01,EU,DIRECT,lead_return,app only,nan,,,0.0,,,0.0,4.0
2022-01-01,EU,DIRECT,lead_return,no on lyst view,nan,,0.0,0.0,,0.0,7.142857,56.0
2022-01-01,EU,DIRECT,lead_return,web only,nan,278.280740740741,5.353319,2.166378,15.325051440192,27.0,40.467938,1154.0
2022-01-01,EU,DIRECT,nan,app and web,False,,0.0,0.0,,0.0,100.0,5.0
2022-01-01,EU,DIRECT,nan,app and web,True,,0.0,0.0,,0.0,100.0,10.0
2022-01-01,EU,DIRECT,nan,app and web,nan,268.27,0.900901,0.185529,12.880058647383,3.0,20.593692,1078.0
2022-01-01,EU,DIRECT,nan,app only,False,,0.0,0.0,,0.0,100.0,1.0
2022-01-01,EU,DIRECT,nan,app only,nan,139.88,0.75188,0.046318,18.001143837575,1.0,6.160259,2159.0
2022-01-01,EU,DIRECT,nan,web only,nan,,0.0,0.0,,0.0,56.953642,151.0
2022-01-01,EU,DIRECT,onboarding,app and web,nan,117.58125,1.960784,0.261389,17.473023972785,8.0,13.330844,2678.0
2022-01-01,EU,DIRECT,onboarding,app only,nan,191.376666666667,3.071672,0.094897,11.493331939921,9.0,3.089414,9484.0
2022-01-01,EU,DIRECT,others,app and web,nan,255.112137546468,2.523055,0.448542,14.788204880819,538.0,17.777737,108574.0
2022-01-01,EU,DIRECT,others,app only,nan,253.6904,2.269289,0.138113,16.706071652692,100.0,6.086183,65164.0
2022-01-01,EU,DIRECT,others,web only,nan,584.046875,2.622378,0.204499,17.196607720913,16.0,7.798228,7335.0
2022-01-01,EU,DIRECT,pdp_in_stock,app and web,nan,218.83,2.061856,0.160901,15.000228487867,2.0,7.803701,1243.0
2022-01-01,EU,DIRECT,pdp_in_stock,web only,nan,202.677267176023,3.690205,0.586744,16.222414531208,88.0,15.900036,13805.0
2022-01-01,EU,DIRECT,pdp_out_of_stock,app and web,nan,185.083333333333,4.615385,1.075269,14.825754164791,3.0,23.297491,279.0
2022-01-01,EU,DIRECT,pdp_out_of_stock,web only,nan,162.942535211268,0.991853,0.276926,12.797650947539,71.0,27.920087,20222.0
2022-01-01,EU,ORGANIC,feed,app and web,nan,305.480877192982,2.869288,0.662983,14.665517294849,57.0,23.1062,8145.0
2022-01-01,EU,ORGANIC,feed,app only,nan,,0.0,0.0,,0.0,6.702899,552.0
2022-01-01,EU,ORGANIC,feed,web only,nan,203.916576514892,1.865685,0.464413,14.716475204365,2921.0,24.892341,556617.0
2022-01-01,EU,ORGANIC,homepage,app and web,nan,197.52375,3.184713,0.658762,11.740360336415,8.0,20.685112,759.0
2022-01-01,EU,ORGANIC,homepage,web only,nan,245.452666666667,2.079482,0.626479,14.931595772708,45.0,30.126688,7183.0
2022-01-01,EU,ORGANIC,lead,app and web,nan,352.383469387755,0.567644,0.551843,15.132691137148,98.0,97.216261,16309.0
2022-01-01,EU,ORGANIC,lead,app only,nan,103.756666666667,0.289017,0.281162,13.814373373598,3.0,97.282099,1067.0
2022-01-01,EU,ORGANIC,lead,no on lyst view,nan,72.796666666667,0.867052,0.840336,15.522688767801,3.0,96.918768,357.0
2022-01-01,EU,ORGANIC,lead,web only,nan,283.97576744186,1.441007,1.430023,16.041984584666,215.0,99.237805,13776.0
2022-01-01,EU,ORGANIC,lead_return,app and web,nan,156.95,0.854701,0.136799,14.998407136031,1.0,16.005472,731.0
2022-01-01,EU,ORGANIC,lead_return,app only,nan,,0.0,0.0,,0.0,40.0,5.0
2022-01-01,EU,ORGANIC,lead_return,no on lyst view,nan,,0.0,0.0,,0.0,18.0,50.0
2022-01-01,EU,ORGANIC,lead_return,web only,nan,260.457884615385,3.032105,1.066499,16.342447213893,52.0,35.173568,4782.0
2022-01-01,EU,ORGANIC,nan,app and web,False,247.71375,1.971831,1.971831,12.047171382291,8.0,100.0,355.0
2022-01-01,EU,ORGANIC,nan,app and web,True,170.533333333333,0.352941,0.352941,9.859265050821,3.0,100.0,850.0
2022-01-01,EU,ORGANIC,nan,app and web,nan,323.030819672131,2.311912,0.54418,13.07244702835,61.0,23.538093,10842.0
2022-01-01,EU,ORGANIC,nan,app only,False,111.04,1.176471,1.176471,10.996037463977,1.0,100.0,85.0
2022-01-01,EU,ORGANIC,nan,app only,True,231.745,1.73913,1.73913,12.798550130531,2.0,100.0,115.0
2022-01-01,EU,ORGANIC,nan,app only,nan,211.87125,0.979706,0.062347,15.421806875638,16.0,6.363839,22455.0
2022-01-01,EU,ORGANIC,nan,no on lyst view,False,234.3716,0.953516,0.953516,17.195086776726,25.0,100.0,2517.0
2022-01-01,EU,ORGANIC,nan,no on lyst view,True,132.2,1.600894,1.600894,13.769204908388,45.0,100.0,2686.0
2022-01-01,EU,ORGANIC,nan,no on lyst view,nan,142.282882882883,1.573454,0.85724,15.179188775058,111.0,54.481412,11782.0
2022-01-01,EU,ORGANIC,nan,web only,False,294.994117647059,1.057579,1.057579,14.403677042414,51.0,100.0,3404.0
2022-01-01,EU,ORGANIC,nan,web only,True,162.851805555556,1.469933,1.469933,14.227829835066,72.0,100.0,4490.0
2022-01-01,EU,ORGANIC,nan,web only,nan,209.864520547945,1.758378,0.798847,15.759563736814,292.0,45.430908,31921.0
2022-01-01,EU,ORGANIC,onboarding,app and web,nan,232.817317073171,3.183521,0.936639,15.424005631967,41.0,29.421488,3630.0
2022-01-01,EU,ORGANIC,onboarding,app only,nan,158.002,1.221001,0.075942,17.740914671966,10.0,6.219623,13168.0
2022-01-01,EU,ORGANIC,others,app and web,nan,232.279575757576,2.83054,0.470224,15.299692403068,165.0,16.612529,32325.0
2022-01-01,EU,ORGANIC,others,app only,nan,271.886428571429,1.828411,0.099701,14.565430418688,14.0,5.452872,13039.0
2022-01-01,EU,ORGANIC,others,web only,nan,223.595294117647,2.184002,0.098602,15.149640106074,85.0,4.514753,81134.0
2022-01-01,EU,ORGANIC,pdp_in_stock,app and web,nan,295.071538461538,3.714286,0.878378,12.574786296935,13.0,23.648649,1480.0
2022-01-01,EU,ORGANIC,pdp_in_stock,web only,nan,178.212189189189,4.056373,1.1225,14.607855864502,1480.0,27.672508,117951.0
2022-01-01,EU,ORGANIC,pdp_out_of_stock,app and web,nan,440.705,1.696222,0.918197,16.231224556522,22.0,54.131886,2396.0
2022-01-01,EU,ORGANIC,pdp_out_of_stock,web only,nan,201.912092764378,1.264674,0.568564,14.29196882811,2695.0,44.957327,401890.0
2022-01-01,EU,PAID,feed,app and web,nan,338.457115384615,2.511682,0.770333,16.247939603756,52.0,30.670011,5582.0
2022-01-01,EU,PAID,feed,app only,nan,,,0.0,,,0.0,9.0
2022-01-01,EU,PAID,feed,web only,nan,194.299185185185,1.400424,0.387774,15.419410892874,4185.0,27.689776,980983.0
2022-01-01,EU,PAID,homepage,app and web,nan,238.092222222222,3.571429,1.467505,15.071190901751,9.0,41.090147,477.0
2022-01-01,EU,PAID,homepage,web only,nan,289.943098591549,2.718724,0.70662,14.905158661534,142.0,25.990862,18822.0
2022-01-01,EU,PAID,lead,app and web,nan,,0.0,0.0,,0.0,2.123894,565.0
2022-01-01,EU,PAID,lead,app only,nan,,0.0,0.0,,0.0,2.409639,83.0
2022-01-01,EU,PAID,lead,no on lyst view,nan,,0.0,0.0,,0.0,85.074627,67.0
2022-01-01,EU,PAID,lead,web only,nan,,0.0,0.0,,0.0,80.952381,42.0
2022-01-01,EU,PAID,lead_return,app and web,nan,,,0.0,,,0.0,4.0
2022-01-01,EU,PAID,nan,app and web,nan,151.119230769231,4.395604,1.058201,13.741060293706,13.0,24.074074,1134.0
2022-01-01,EU,PAID,nan,app only,nan,,0.0,0.0,,0.0,2.877698,278.0
2022-01-01,EU,PAID,nan,web only,nan,71.775,1.538462,0.393701,15.005224660397,2.0,25.590551,508.0
2022-01-01,EU,PAID,onboarding,app and web,nan,74.535,2.453988,0.674536,15.543033474207,4.0,27.487352,593.0
2022-01-01,EU,PAID,onboarding,app only,nan,287.24,12.5,0.462963,15.00139256371,1.0,3.703704,216.0
2022-01-01,EU,PAID,others,app and web,nan,412.435555555556,2.144772,0.406504,12.94639970689,9.0,18.953252,1968.0
2022-01-01,EU,PAID,others,app only,nan,415.11,7.142857,0.194553,19.999518199995,2.0,2.723735,514.0
2022-01-01,EU,PAID,others,web only,nan,177.842927927928,0.859077,0.219322,15.311466515776,222.0,25.529938,92558.0
2022-01-01,EU,PAID,pdp_in_stock,app and web,nan,209.995,2.030457,0.828157,16.41785121868,6.0,40.786749,483.0
2022-01-01,EU,PAID,pdp_in_stock,web only,nan,223.444731861199,1.394633,0.426508,14.814777167037,317.0,30.58211,67994.0
2022-01-01,EU,PAID,pdp_out_of_stock,app and web,nan,177.47,3.125,1.123596,11.000169042655,5.0,35.955056,89.0
2022-01-01,EU,PAID,pdp_out_of_stock,web only,nan,231.94904109589,1.345291,0.448187,15.671663827907,73.0,33.315225,14726.0
2022-01-01,EU,PLA-CO,feed,web only,nan,,0.0,0.0,,0.0,10.810811,37.0
2022-01-01,EU,PLA-CO,onboarding,app only,nan,,0.0,0.0,,0.0,33.333333,3.0
2022-01-01,EU,PLA-CO,others,app and web,nan,,0.0,0.0,,0.0,16.27907,43.0
2022-01-01,EU,PLA-CO,others,web only,nan,,,0.0,,,0.0,29.0
2022-01-01,EU,PLA-CO,pdp_in_stock,app and web,nan,279.0,7.692308,3.225806,16.0,1.0,41.935484,31.0
2022-01-01,EU,PLA-CO,pdp_in_stock,web only,nan,79.7473408,4.615385,0.258621,15.679062241534,3.0,5.603448,1160.0
2022-01-01,EU,PLA-CO,pdp_out_of_stock,web only,nan,,0.0,0.0,,0.0,7.142857,14.0
2022-01-01,EU,PLA-EC,feed,web only,nan,,0.0,0.0,,0.0,20.0,5.0
2022-01-01,EU,PLA-EC,others,app and web,nan,170.11,7.692308,1.5625,12.098054200223,2.0,20.3125,128.0
2022-01-01,EU,PLA-EC,others,app only,nan,885.79,16.666667,2.380952,25.999390374694,1.0,14.285714,42.0
2022-01-01,EU,PLA-EC,others,web only,nan,,0.0,0.0,,0.0,10.0,20.0
2022-01-01,EU,PLA-EC,pdp_in_stock,app and web,nan,516.6486849,3.846154,1.724138,16.001041395509,1.0,44.827586,58.0
2022-01-01,EU,PLA-EC,pdp_in_stock,web only,nan,420.622,1.340483,0.328947,15.075293256178,5.0,24.539474,1520.0
2022-01-01,EU,PLA-EC,pdp_out_of_stock,web only,nan,587.51,0.5,0.18797,12.498510663648,1.0,37.593985,532.0